{
  "project_info": {
    "project_number": "803618317264",
    "project_id": "friend-79c55",
    "storage_bucket": "friend-79c55.appspot.com"
  },
  "client": [
    {
      "client_info": {
        "mobilesdk_app_id": "1:803618317264:android:34ca3b089966d405e08fd5",
        "android_client_info": {
          "package_name": "com.cmpt362.friendrr"
        }
      },
      "oauth_client": [
        {
          "client_id": "803618317264-pk58fgllfi2ndnm2m9doom0s6m1ul17v.apps.googleusercontent.com",
          "client_type": 1,
          "android_info": {
            "package_name": "com.cmpt362.friendrr",
            "certificate_hash": "c97a81655017b54ef8cc5b39fa647821fab95b70"
          }
        },
        {
          "client_id": "803618317264-26kv5s06mvvqlj666f5kmraq0n3vue6j.apps.googleusercontent.com",
          "client_type": 3
        }
      ],
      "api_key": [
        {
          "current_key": "AIzaSyCzXryhD4Z8J39TbhGTXApvR1hYwD2etqY"
        }
      ],
      "services": {
        "appinvite_service": {
          "other_platform_oauth_client": [
            {
              "client_id": "803618317264-26kv5s06mvvqlj666f5kmraq0n3vue6j.apps.googleusercontent.com",
              "client_type": 3
            }
          ]
        }
      }
    }
  ],
  "configuration_version": "1"
}